{"type":"Topology","arcs":[[[2933,761],[56,-55],[27,-75],[-11,-61],[26,-14],[3,-57],[-63,-51],[6,-50],[-135,-85],[26,-39],[-14,-76]],[[2854,198],[-130,-60],[-57,55],[-12,38],[-59,-61],[-43,-2],[-82,161],[-141,59],[12,-51],[-41,-36],[-118,3],[-45,77],[40,30],[-33,86],[-59,24],[-55,71]],[[2031,592],[-28,21],[10,62],[-15,41],[-65,44],[4,29],[-80,67],[-37,49],[17,77],[65,12],[43,43],[62,-26],[106,85],[61,83]],[[2174,1179],[31,-5],[73,-66],[-29,-56],[9,-59],[47,8],[115,-58],[20,-46],[59,-30],[69,46],[37,46],[64,-22],[39,-60],[200,-70],[25,-46]],[[2854,198],[25,-45],[-15,-31],[-64,-22],[-11,-51],[-53,-5],[-14,-32],[-66,48],[-26,-15],[-74,26],[-57,-34],[-1,-37],[-71,9],[-141,86],[-117,36],[-42,-25],[-59,2],[-62,-24],[-105,-75],[-29,14],[-12,53],[-42,91],[-84,96],[-104,58],[-71,2]],[[1559,323],[-41,50],[7,49],[-28,44],[-48,5],[-31,40],[-73,13],[-25,59],[-34,30],[22,42],[85,79],[24,-15],[-1,-88],[53,4],[77,-49],[35,69],[73,111],[49,32],[50,3],[6,-63],[45,-44],[51,-75],[65,-63],[39,-12],[72,48]],[[2230,2390],[30,-82],[46,-11],[-16,-84],[-17,-16],[-104,-17],[-35,20],[-84,7],[-39,-95],[24,-25],[-29,-81],[-44,-30],[87,-70],[0,-31],[-43,-38],[86,-61],[3,-52],[75,-88],[33,-5],[56,-79],[-54,-31],[-20,-36],[-67,-18],[-77,51],[-113,31],[-1,-54],[-65,-47]],[[1862,1448],[-62,24],[-57,-35],[-75,-8],[-20,64],[-108,65],[-49,-47],[-70,-6],[-49,48],[27,43],[-5,65],[-88,41],[-46,35]],[[1260,1737],[-36,2],[-41,99],[-12,65]],[[1171,1903],[26,-6],[26,6],[36,-49],[56,25],[56,48],[9,89],[53,-45],[89,48],[-17,62],[54,7],[87,64],[53,16],[-14,64],[18,22],[42,-21],[26,25],[124,6],[100,38],[35,31],[19,109],[76,-19],[37,30],[68,-63]],[[1862,1448],[-15,-65],[43,-94],[100,-2],[70,-46],[38,-8],[76,-54]],[[1559,323],[-126,65],[-56,-19],[-81,146],[-131,166],[-104,95],[-151,74],[1,59],[-31,100],[-42,83],[-52,55],[-79,43],[-42,52],[-117,81],[-96,-15],[-41,91],[-77,117]],[[334,1516],[111,14],[49,52],[29,61],[100,-48],[29,-79],[134,6],[22,-23],[48,51],[46,13],[66,-8],[68,-58],[54,64],[26,74],[44,-50],[33,8],[31,103],[36,41]],[[524,2605],[43,-90],[57,-23],[-24,-56],[-39,-40],[18,-34],[104,-53],[86,20],[25,-22],[44,44],[51,-26],[46,-52],[-6,-91],[43,-19],[-10,-44],[59,-71],[40,-24],[52,42],[20,-86],[38,-77]],[[334,1516],[-32,97],[-83,118],[-102,81],[-117,57],[8,39],[71,51],[119,5],[-1,82],[-65,48],[27,41],[175,102],[62,104],[39,116],[-86,69],[33,57],[34,-32],[53,60],[55,-6]]],"transform":{"scale":[0.0008493040445975954,0.0006216869843858694],"translate":[11.450485398397461,41.21624399436025]},"objects":{"ITA_adm2":{"type":"GeometryCollection","geometries":[{"arcs":[[0,1,2,3]],"type":"Polygon","properties":{"ISO":"ITA","NAME_0":"Italy","ID_1":8,"NAME_1":"Lazio","ID_2":36,"NAME_2":"Frosinone","HASC_2":"IT.FR","TYPE_2":"Provincia","ENGTYPE_2":"Province","VARNAME_2":""}},{"arcs":[[-2,4,5]],"type":"Polygon","properties":{"ISO":"ITA","NAME_0":"Italy","ID_1":8,"NAME_1":"Lazio","ID_2":37,"NAME_2":"Latina","HASC_2":"IT.LT","TYPE_2":"Provincia","ENGTYPE_2":"Province","VARNAME_2":"Littoria"}},{"arcs":[[6,7,8,9]],"type":"Polygon","properties":{"ISO":"ITA","NAME_0":"Italy","ID_1":8,"NAME_1":"Lazio","ID_2":38,"NAME_2":"Rieti","HASC_2":"IT.RI","TYPE_2":"Provincia","ENGTYPE_2":"Province","VARNAME_2":""}},{"arcs":[[10,-3,-6,11,12,-8]],"type":"Polygon","properties":{"ISO":"ITA","NAME_0":"Italy","ID_1":8,"NAME_1":"Lazio","ID_2":39,"NAME_2":"Roma","HASC_2":"IT.RM","TYPE_2":"Provincia","ENGTYPE_2":"Province","VARNAME_2":""}},{"arcs":[[13,-9,-13,14]],"type":"Polygon","properties":{"ISO":"ITA","NAME_0":"Italy","ID_1":8,"NAME_1":"Lazio","ID_2":40,"NAME_2":"Viterbo","HASC_2":"IT.VT","TYPE_2":"Provincia","ENGTYPE_2":"Province","VARNAME_2":"Viterbe"}}]}}}